{"cameraMode":{"drawMode":0,"name":"Shaded","section":"Shading Mode"},"sceneLighting":true,"audioPlay":false,"sceneViewState":{"m_AlwaysRefresh":false,"showFog":true,"showSkybox":true,"showFlares":true,"showImageEffects":true,"showParticleSystems":true,"showVisualEffectGraphs":true,"m_FxEnabled":true},"in2DMode":false,"pivot":{"x":-4.8853678703308109,"y":13.29547119140625,"z":-20.767749786376954},"rotation":{"x":0.30524858832359316,"y":-0.22373880445957185,"z":0.07402016222476959,"w":0.9226680994033814},"size":0.7246685028076172,"orthographic":false}