{"cameraMode":{"drawMode":0,"name":"Shaded","section":"Shading Mode"},"sceneLighting":true,"audioPlay":false,"sceneViewState":{"m_AlwaysRefresh":false,"showFog":true,"showSkybox":true,"showFlares":true,"showImageEffects":true,"showParticleSystems":true,"showVisualEffectGraphs":true,"m_FxEnabled":true},"in2DMode":false,"pivot":{"x":-2.0744311809539797,"y":14.237635612487793,"z":-17.831724166870118},"rotation":{"x":0.3461393117904663,"y":0.05119021609425545,"z":-0.01891910843551159,"w":0.9366092681884766},"size":1.358309030532837,"orthographic":false}