{"cameraMode":{"drawMode":0,"name":"Shaded","section":"Shading Mode"},"sceneLighting":true,"audioPlay":false,"sceneViewState":{"m_AlwaysRefresh":false,"showFog":true,"showSkybox":true,"showFlares":true,"showImageEffects":true,"showParticleSystems":true,"showVisualEffectGraphs":true,"m_FxEnabled":true},"in2DMode":false,"pivot":{"x":-1.0413655042648316,"y":0.5568030476570129,"z":-1.3658406734466553},"rotation":{"x":0.24372391402721406,"y":0.17687542736530305,"z":-0.045257870107889178,"w":0.9525201916694641},"size":1.358309030532837,"orthographic":false}