{"cameraMode":{"drawMode":0,"name":"Shaded","section":"Shading Mode"},"sceneLighting":true,"audioPlay":false,"sceneViewState":{"m_AlwaysRefresh":false,"showFog":true,"showSkybox":true,"showFlares":true,"showImageEffects":true,"showParticleSystems":true,"showVisualEffectGraphs":true,"m_FxEnabled":true},"in2DMode":false,"pivot":{"x":-0.240841805934906,"y":4.1153130531311039,"z":-7.05128288269043},"rotation":{"x":0.14484643936157227,"y":0.14694903790950776,"z":-0.021757809445261956,"w":0.9782459139823914},"size":0.8902175426483154,"orthographic":false}